task,name,input_count,reference_count,resolution,input_source,same_domain,pairing,degradation_profile,year_venue,citation_key,source_title,source_url,selected_evaluation
denoising,CC15,15,15,Mixed,Real,Yes,Real paired,Camera noise,CVPR 2016,nam2016holistic,A holistic approach to cross-channel image noise modeling and its application to image denoising,,no
denoising,SIDD,"3,000","3,000",Mixed,Real,Yes,Real paired,Smartphone camera/ISP noise,CVPR 2018,abdelhamed2018high,A high-quality denoising dataset for smartphone cameras,https://abdokamel.github.io/sidd/,no
denoising,PolyU,100,100,512×512,Real,Yes,Real paired,Camera noise,arXiv 2018,xu2018real,Real-world noisy image denoising: A new benchmark,https://arxiv.org/abs/1804.02603,no
denoising,RENOIR,240,240,Mixed,Real,Yes,Real paired,Camera noise,JVCIR 2018,anaya2018renoir,Renoir--a dataset for real low-light image noise reduction,https://adrianbarburesearch.blogspot.com/p/renoir-dataset.html,yes
denoising,SIDD+,"2,048","2,048",256×256,Real,Yes,Real paired,Smartphone camera/ISP noise,CVPRW 2020,abdelhamed2020ntire,"Ntire 2020 challenge on real image denoising: Dataset, methods and results",,no
denoising,SenseNoise-500,"2,000",500,3000×4000,Real,Yes,Real paired,Smartphone RAW camera noise,CVPR 2022,zhang2022idr,Idr: Self-supervised image denoising via iterative data refinement,,no
deraining,SPA-Data,"29,500","29,500",NR,Real,Yes,Real paired,Rain streak,CVPR 2019,wang2019spatial,Spatial attentive single-image deraining with a high quality real rain dataset,https://openaccess.thecvf.com/content_CVPR_2019/html/Wang_Spatial_Attentive_Single-Image_Deraining_With_a_High_Quality_Real_Rain_CVPR_2019_paper.html,yes
deraining,RainDS-real,750,250,NR,Real,Yes,Real paired,"Streak, drop, and mixed rain",CVPR 2021,quan2021removing,Removing raindrops and rain streaks in one go,,no
deraining,ACDC-Rain,"1,000","1,000",1920×1080,Real,Yes,Scene-level paired,Streak and accumulation,ICCV 2021,sakaridis2021acdc,ACDC: The adverse conditions dataset with correspondences for semantic driving scene understanding,https://acdc.vision.ee.ethz.ch/,no
deraining,GT-RAIN,"31,524","31,524",Mixed,Real,Yes,Real paired,Streak and accumulation,ECCV 2022,ba2022not,Not just streaks: Towards ground truth for single image deraining,https://github.com/UCLA-VMG/GT-RAIN,no
deraining,RealRain-1K,"1,120","1,120",1512×973,Real,Yes,Real paired,Streak and accumulation,arXiv 2022,li2022toward,Toward real-world single image deraining: A new benchmark and beyond,https://arxiv.org/abs/2206.05514,no
deraining,WeatherStream-Rain,NR,NR,NR,Real,Yes,Approx. real paired,Streak and rain-fog,CVPR 2023,zhang2023weatherstream,Weatherstream: Light transport automation of single image deweathering,,no
deraining,LHP-Rain,"3,000","3,000",1920×1080,Real,Yes,Real paired,Streak and accumulation,ICCV 2023,guo2023sky,From sky to the ground: A large-scale benchmark and simple baseline towards real rain removal,,no
deraining,WeatherBench-Rain,"14,929","14,929",512×512,Real,Yes,Real paired,Rain streak,ACM MM 2025,guan2025weatherbench,Weatherbench: A real-world benchmark dataset for all-in-one adverse weather image restoration,,no
deraining,FoundIR-Rain,"40,000","40,000",NR,Real,Yes,Real paired,Rain streak,ICCV 2025,li2025foundir,Foundir: Unleashing million-scale training data to advance foundation models for image restoration,,no
dehazing,I-HAZE,35,35,5456×3632,Real,Yes,Real paired,Indoor homogeneous physical haze,ACIVS 2018,ancuti2018haze,I-HAZE: A dehazing benchmark with real hazy and haze-free indoor images,https://arxiv.org/abs/1804.05091,no
dehazing,O-HAZE,45,45,5456×3632,Real,Yes,Real paired,Outdoor homogeneous physical haze,CVPRW 2018,ancuti2018ohaze,O-haze: a dehazing benchmark with real hazy and haze-free outdoor images,https://openaccess.thecvf.com/content_cvpr_2018_workshops/w13/html/Ancuti_O-HAZE_A_Dehazing_CVPR_2018_paper.html,no
dehazing,Dense-Haze,33,33,5456×3632,Real,Yes,Real paired,Outdoor dense physical haze,ICIP 2019,ancuti2019dense,Dense-haze: A benchmark for image dehazing with dense-haze and haze-free images,,no
dehazing,NH-HAZE,55,55,5456×3632,Real,Yes,Real paired,Outdoor non-homogeneous physical haze,CVPRW 2020,ancuti2020nh,NH-HAZE: An image dehazing benchmark with non-homogeneous hazy and haze-free images,https://openaccess.thecvf.com/content_CVPRW_2020/papers/w31/Ancuti_NH-HAZE_An_Image_Dehazing_Benchmark_With_Non-Homogeneous_Hazy_and_Haze-Free_CVPRW_2020_paper.pdf,no
dehazing,BeDDE,208,208,Mixed,Real,Yes,Real paired (multi-temporal),Outdoor multi-density natural haze,TIP 2020,zhao2020dehazing,"Dehazing evaluation: Real-world benchmark datasets, criteria, and baselines",,no
dehazing,NH-HAZE2,35,35,1200×1600,Real,Yes,Real paired,Outdoor non-homogeneous physical haze,CVPRW 2021,ancuti2021ntire,NTIRE 2021 nonhomogeneous dehazing challenge report,,no
dehazing,ACDC-Fog,"1,000","1,000",1920×1080,Real,Yes,Scene-level paired,Traffic and urban natural fog,ICCV 2021,sakaridis2021acdc,ACDC: The adverse conditions dataset with correspondences for semantic driving scene understanding,https://acdc.vision.ee.ethz.ch/,no
dehazing,RW-HAZE,210,210,2560×1440,Real,Yes,Real paired (multi-temporal),Outdoor urban natural haze,ICIP 2022,chen2022rw,Rw-haze: A real-world benchmark dataset to evaluate quantitatively dehazing algorithms,,no
dehazing,HD-NH-HAZE,50,50,4000×6000,Real,Yes,Real paired,High-resolution non-homogeneous haze,CVPRW 2023,ancuti2023ntire,Ntire 2023 hr nonhomogeneous dehazing challenge report,,no
dehazing,WeatherStream-Fog,"4,500","4,500",≥1280×720,Real,Yes,Real paired (multi-temporal),Outdoor natural fog,CVPR 2023,zhang2023weatherstream,Weatherstream: Light transport automation of single image deweathering,,no
dehazing,LMHaze,"5,040","5,040",1200×800,Real,Yes,Real paired,Indoor and outdoor physical haze,ACM MMAsia 2024,zhang2024lmhaze,Lmhaze: intensity-aware image dehazing with a large-scale multi-intensity real haze dataset,https://github.com/wangzrk/LMHaze,yes
dehazing,Phone-Hazy,415,415,Mixed,Real,Yes,Real paired (non-aligned),Mobile-captured natural haze,TCSVT 2025,fan2025non,Non-aligned supervision for real image dehazing,,no
dehazing,RW²AH,"1,758","1,758",Mixed,Real,Yes,Real paired (multi-temporal),Stationary-camera natural haze,AAAI 2025,fang2025guided,Guided real image dehazing using ycbcr color space,,no
dehazing,WeatherBench-Haze,"13,814","13,814",512×512,Real,Yes,Real paired,Outdoor day/night physical haze,ACM MM 2025,guan2025weatherbench,Weatherbench: A real-world benchmark dataset for all-in-one adverse weather image restoration,,no
dehazing,NT-HAZE,40,40,NR,Real,Yes,Real paired,Nighttime physical haze with glow,CVPRW 2026,ancuti2026nt,NT-HAZE: A Benchmark Dataset for Realistic Night-time Image Dehazing,,no
deblurring,RealBlur-R/J,"4,738","4,738",680×773,Real,Yes,Real paired,Camera motion,ECCV 2020,rim2020real,Real-world blur dataset for learning and benchmarking deblurring algorithms,https://github.com/rimchang/RealBlur,no
deblurring,RealBlur-Tele,996,996,950×598,Real,Yes,Real paired,"Camera motion, telephoto",ECCV 2020,rim2020real,Real-world blur dataset for learning and benchmarking deblurring algorithms,https://github.com/rimchang/RealBlur,no
deblurring,DPDD,500,500,6720×4480,Real,Yes,Real paired,Defocus blur,ECCV 2020,abuolaim2020defocus,Defocus deblurring using dual-pixel data,https://github.com/Abdullah-Abuolaim/defocus-deblurring-dual-pixel,yes
deblurring,RealDOF,50,50,2376×1586,Real,Yes,Real paired,Defocus blur,CVPR 2021,lee2021iterative,Iterative Filter Adaptive Network for Single Image Defocus Deblurring,,no
deblurring,RSBlur,"13,358","13,358",1920×1200,Real,Yes,Real paired,Camera and object motion,ECCV 2022,rim2022realistic,Realistic blur synthesis for learning image deblurring,,no
deblurring,ReLoBlur,"2,405","2,405",2152×1436,Real,Yes,Real paired,Object motion,AAAI 2023,li2023real,Real-world deep local motion deblurring,,no
deblurring,SDD,150,150,4096×2160,Real,Yes,"Real paired, misaligned",Defocus blur,AAAI 2023,li2023learning,Learning single image defocus deblurring with misaligned training pairs,,no
deblurring,iDFD,764,764,NR,Real,Yes,Real paired,Defocus blur,SCIA 2023,nazir2023idfd,idfd: A dataset annotated for depth and defocus,,no
deblurring,LPBlur,"10,288","10,288",224×112,Real,Yes,Real paired,"Object motion, license plate",IJCAI 2024,gong2024dataset,A dataset and model for realistic license plate deblurring,https://arxiv.org/abs/2404.13677,no
deblurring,LICAM,400,400,1024×1024,Real,Yes,Real paired,Low-light motion and noise,ICIP 2025,montanaro2025novel,A novel method and dataset for depth-guided image deblurring from smartphone Lidar,,no
low-light,SICE,"4,413",589,Mixed,Real,Yes,Real paired,"Multi-exposure, multi-level illumination",TIP 2018,cai2018learning,Learning a deep single image contrast enhancer from multi-exposure images,https://csjcai.github.io/papers/SICE.pdf,no
low-light,LOL-v1,500,500,600×400,Real,Yes,Real paired,Global dim,BMVC 2018,wei2018deep,Deep retinex decomposition for low-light enhancement,https://arxiv.org/abs/1808.04560,no
low-light,Dark Zurich,"5,537","3,242",1920×1080,Real,Yes,Scene-level paired,"Nighttime street, complex illumination",ICCV 2019,sakaridis2019guided,Guided curriculum model adaptation and uncertainty-aware evaluation for semantic nighttime image segmentation,,no
low-light,LOL-v2-real,789,789,600×400,Real,Yes,Real paired,Global dim,TIP 2021,yang2021sparse,Sparse gradient regularized deep retinex network for robust low-light image enhancement,,no
low-light,VE-LOL-L-Cap,"1,500","1,500",1080×720,Real,Yes,Real paired,Multi-level illumination,IJCV 2021,liu2021benchmarking,Benchmarking low-light image enhancement and beyond,,no
low-light,ACDC-Night,"1,006","1,006",1920×1080,Real,Yes,Scene-level paired,Outdoor nighttime driving,ICCV 2021,sakaridis2021acdc,ACDC: The adverse conditions dataset with correspondences for semantic driving scene understanding,https://acdc.vision.ee.ethz.ch/,no
low-light,BAID,"3,000","3,000",Mixed,Real,Yes,Real paired,Backlit and HDR,CVIU 2022,lv2022backlitnet,BacklitNet: A dataset and network for backlit image enhancement,,no
low-light,UHD-LL,"2,150","2,150",3840×2160,Real,Yes,Real paired,"Global dim, varied real-world scenes",ICLR 2023,li2023embedding,Embedding Fourier for ultra-high-definition low-light image enhancement,,no
low-light,LSRW,"5,650","5,650",960×720,Real,Yes,Real paired,"Global dim, varied real-world scenes",JVCIR 2023,hai2023r2rnet,R2rnet: Low-light image enhancement via real-low to real-normal network,https://github.com/JianghaiSCU/R2RNet,yes
low-light,NTIRE-2024-LLIE,300,230,Mixed,Real,Yes,Real paired,Non-uniform and extreme illumination,CVPRW 2024,liu2024ntirellie,NTIRE 2024 challenge on low light image enhancement: Methods and results,,no
low-light,FoundIR-Lowlight,"40,012","40,012",Mixed,Real,,,Low-light exposure,ICCV 2025,li2025foundir,Foundir: Unleashing million-scale training data to advance foundation models for image restoration,,no
low-light,LSD-Paired,"6,425","6,425",Mixed,Real,Yes,Real paired,Extreme and varied low light,WACV 2026,sharif2026illuminating,Illuminating darkness: Learning to enhance low-light images in-the-wild,,no
low-light,LENVIZ,"210,606","24,082",Mixed,Real,Yes,Real paired,"Multi-exposure, multi-level illumination",WACV 2026,aithal2026lenviz,LENVIZ: A high-resolution low-exposure night vision benchmark dataset,,no
low-light,MILL,"1,000",100,Mixed,Real,Yes,Real paired,Controlled multi-level illumination,CVPR Findings 2026,pilligua2026evaluating,Evaluating low-light image enhancement across multiple intensity levels,,no
low-light,NTIRE-2026-E-LLIE,500,398,4032×3024,Real,Yes,Real paired,Extreme and non-uniform illumination,CVPRW 2026,yan2026efficientllie,Efficient low light image enhancement: NTIRE 2026 challenge report,,no
desnowing,ACDC-Snow,"1,000","1,000",NR,Real,Partial,Scene-level paired,Falling and accumulated snow,ICCV 2021,sakaridis2021acdc,ACDC: The adverse conditions dataset with correspondences for semantic driving scene understanding,https://acdc.vision.ee.ethz.ch/,no
desnowing,RealSnow,"1,890","1,890",NR,Real,Yes,Real paired,Falling snow,CVPR 2023,zhu2023learning,Learning weather-general and weather-specific features for image restoration under multiple adverse weather conditions,https://openaccess.thecvf.com/content/CVPR2023/papers/Zhu_Learning_Weather-General_and_Weather-Specific_Features_for_Image_Restoration_Under_Multiple_CVPR_2023_paper.pdf,yes
desnowing,WeatherStream-Snow,"3,960","3,960",NR,Real,Yes,Real paired,Falling snow,CVPR 2023,zhang2023weatherstream,Weatherstream: Light transport automation of single image deweathering,,no
desnowing,WeatherBench-Snow,"13,259","13,259",NR,Real,Yes,Real paired,Falling snow,ACM MM 2025,guan2025weatherbench,Weatherbench: A real-world benchmark dataset for all-in-one adverse weather image restoration,,no
