year,verified_core_count,domain_translation,representation,prior_guided,generative_transport,normalizing_flow,is_partial_year,cutoff_date,count_basis
2017,0,0,0,0,0,0,false,2026-09-19,bounded publicly sourced corpus; not exhaustive field totals
2018,7,5,0,2,0,0,false,2026-09-19,bounded publicly sourced corpus; not exhaustive field totals
2019,6,5,1,0,0,0,false,2026-09-19,bounded publicly sourced corpus; not exhaustive field totals
2020,9,5,1,2,0,1,false,2026-09-19,bounded publicly sourced corpus; not exhaustive field totals
2021,9,6,0,2,0,1,false,2026-09-19,bounded publicly sourced corpus; not exhaustive field totals
2022,15,6,7,2,0,0,false,2026-09-19,bounded publicly sourced corpus; not exhaustive field totals
2023,14,6,5,3,0,0,false,2026-09-19,bounded publicly sourced corpus; not exhaustive field totals
2024,15,1,6,4,3,1,false,2026-09-19,bounded publicly sourced corpus; not exhaustive field totals
2025,13,2,0,2,9,0,false,2026-09-19,bounded publicly sourced corpus; not exhaustive field totals
2026,9,3,4,1,1,0,true,2026-09-19,bounded publicly sourced corpus; not exhaustive field totals
