query_id,checked_on,query,search_channel,screening_summary
"1","2026-09-19","unpaired image denoising GAN 2023 2024 2025 unsupervised independent clean noisy images","web search; primary records opened or inspected from indexed primary excerpts","Discovery/metadata query; final inclusion and source URL recorded per paper in public_paper_catalog.csv"
"2","2026-09-19","unpaired image deblurring unsupervised 2018 2020 2022 cycle GAN","web search; primary records opened or inspected from indexed primary excerpts","Discovery/metadata query; final inclusion and source URL recorded per paper in public_paper_catalog.csv"
"3","2026-09-19","unpaired image dehazing contrastive 2023 2024 unsupervised","web search; primary records opened or inspected from indexed primary excerpts","Discovery/metadata query; final inclusion and source URL recorded per paper in public_paper_catalog.csv"
"4","2026-09-19","unpaired low light enhancement 2023 2024 2025 diffusion GAN","web search; primary records opened or inspected from indexed primary excerpts","Discovery/metadata query; final inclusion and source URL recorded per paper in public_paper_catalog.csv"
"5","2026-09-19","""unpaired"" ""dehazing"" ""2018"" Disentangled","web search; primary records opened or inspected from indexed primary excerpts","Discovery/metadata query; final inclusion and source URL recorded per paper in public_paper_catalog.csv"
"6","2026-09-19","""unsupervised"" ""dehazing"" ""RefineDNet"" ""2021""","web search; primary records opened or inspected from indexed primary excerpts","Discovery/metadata query; final inclusion and source URL recorded per paper in public_paper_catalog.csv"
"7","2026-09-19","""unsupervised"" ""deblurring"" ""2020"" UID-GAN","web search; primary records opened or inspected from indexed primary excerpts","Discovery/metadata query; final inclusion and source URL recorded per paper in public_paper_catalog.csv"
"8","2026-09-19","""unpaired"" ""denoising"" ""2019"" ""2021"" GAN","web search; primary records opened or inspected from indexed primary excerpts","Discovery/metadata query; final inclusion and source URL recorded per paper in public_paper_catalog.csv"
"9","2026-09-19","""unpaired"" ""deraining"" ""Closing the Loop""","web search; primary records opened or inspected from indexed primary excerpts","Discovery/metadata query; final inclusion and source URL recorded per paper in public_paper_catalog.csv"
"10","2026-09-19","""unpaired"" ""desnowing"" GAN","web search; primary records opened or inspected from indexed primary excerpts","Discovery/metadata query; final inclusion and source URL recorded per paper in public_paper_catalog.csv"
"11","2026-09-19","""unsupervised"" ""image deblurring"" ""UID-GAN"" 2020","web search; primary records opened or inspected from indexed primary excerpts","Discovery/metadata query; final inclusion and source URL recorded per paper in public_paper_catalog.csv"
"12","2026-09-19","""unpaired"" ""low-light"" ""2021"" ""2023"" GAN","web search; primary records opened or inspected from indexed primary excerpts","Discovery/metadata query; final inclusion and source URL recorded per paper in public_paper_catalog.csv"
"13","2026-09-19","""CRNet"" ""Unsupervised Color"" deblurring","web search; primary records opened or inspected from indexed primary excerpts","Discovery/metadata query; final inclusion and source URL recorded per paper in public_paper_catalog.csv"
"14","2026-09-19","""unpaired"" ""denoising"" ""AKLD""","web search; primary records opened or inspected from indexed primary excerpts","Discovery/metadata query; final inclusion and source URL recorded per paper in public_paper_catalog.csv"
"15","2026-09-19","""unpaired"" ""denoising"" ""noise"" ""ICCV 2019""","web search; primary records opened or inspected from indexed primary excerpts","Discovery/metadata query; final inclusion and source URL recorded per paper in public_paper_catalog.csv"
"16","2026-09-19","""unpaired"" ""deraining"" ""2024"" ""2023""","web search; primary records opened or inspected from indexed primary excerpts","Discovery/metadata query; final inclusion and source URL recorded per paper in public_paper_catalog.csv"
"17","2026-09-19","""unpaired"" ""denoising"" ""SCGAN""","web search; primary records opened or inspected from indexed primary excerpts","Discovery/metadata query; final inclusion and source URL recorded per paper in public_paper_catalog.csv"
"18","2026-09-19","""unpaired"" ""denoising"" ""2019"" ""2020"" -site:reddit.com -site:researchgate.net -site:eurekamag.com","web search; primary records opened or inspected from indexed primary excerpts","Discovery/metadata query; final inclusion and source URL recorded per paper in public_paper_catalog.csv"
"19","2026-09-19","""unpaired"" ""low-light enhancement"" ""2025"" site:openaccess.thecvf.com","web search; primary records opened or inspected from indexed primary excerpts","Discovery/metadata query; final inclusion and source URL recorded per paper in public_paper_catalog.csv"
"20","2026-09-19","""unsupervised"" ""deraining"" ""2025"" site:openaccess.thecvf.com","web search; primary records opened or inspected from indexed primary excerpts","Discovery/metadata query; final inclusion and source URL recorded per paper in public_paper_catalog.csv"
"21","2026-09-19","""Unpaired Learning for Deep Image Deraining with Rain Direction Regularizer""","web search; primary records opened or inspected from indexed primary excerpts","Discovery/metadata query; final inclusion and source URL recorded per paper in public_paper_catalog.csv"
"22","2026-09-19","""Unsupervised Learning for Real-world Image Denoising"" ""self-consistent""","web search; primary records opened or inspected from indexed primary excerpts","Discovery/metadata query; final inclusion and source URL recorded per paper in public_paper_catalog.csv"
"23","2026-09-19","""CRNet"" ""deblurring"" site:github.com","web search; primary records opened or inspected from indexed primary excerpts","Discovery/metadata query; final inclusion and source URL recorded per paper in public_paper_catalog.csv"
"24","2026-09-19","""Unpaired Image Deraining Using Reward-Guided""","web search; primary records opened or inspected from indexed primary excerpts","Discovery/metadata query; final inclusion and source URL recorded per paper in public_paper_catalog.csv"
"25","2026-09-19","""Unsupervised Image Denoising"" ""Self-Consistent"" Yan","web search; primary records opened or inspected from indexed primary excerpts","Discovery/metadata query; final inclusion and source URL recorded per paper in public_paper_catalog.csv"
"26","2026-09-19","""RefineDNet"" unpaired training Li 2021","web search; primary records opened or inspected from indexed primary excerpts","Discovery/metadata query; final inclusion and source URL recorded per paper in public_paper_catalog.csv"
"27","2026-09-19","""Unsupervised Bidirectional Contrastive"" dehazing ""unpaired""","web search; primary records opened or inspected from indexed primary excerpts","Discovery/metadata query; final inclusion and source URL recorded per paper in public_paper_catalog.csv"
"28","2026-09-19","""N-LoLiGan"" ""2024""","web search; primary records opened or inspected from indexed primary excerpts","Discovery/metadata query; final inclusion and source URL recorded per paper in public_paper_catalog.csv"
"29","2026-09-19","""unpaired"" ""low-light"" ""NeurIPS"" ""2025""","web search; primary records opened or inspected from indexed primary excerpts","Discovery/metadata query; final inclusion and source URL recorded per paper in public_paper_catalog.csv"
"30","2026-09-19","""unpaired"" ""low-light"" ""ICCV"" ""2025""","web search; primary records opened or inspected from indexed primary excerpts","Discovery/metadata query; final inclusion and source URL recorded per paper in public_paper_catalog.csv"
"31","2026-09-19","""unpaired"" ""denoising"" ""universal"" GAN 2023 2024","web search; primary records opened or inspected from indexed primary excerpts","Discovery/metadata query; final inclusion and source URL recorded per paper in public_paper_catalog.csv"
"32","2026-09-19","""SID-Net"" ""adversarial and contrastive""","web search; primary records opened or inspected from indexed primary excerpts","Discovery/metadata query; final inclusion and source URL recorded per paper in public_paper_catalog.csv"
"33","2026-09-19","""low-light"" ""unpaired"" ""2024"" ""GAN"" -site:researchgate.net -site:reddit.com -site:eurekamag.com","web search; primary records opened or inspected from indexed primary excerpts","Discovery/metadata query; final inclusion and source URL recorded per paper in public_paper_catalog.csv"
"34","2026-09-19","""Unsupervised"" ""dehazing"" ""2023"" ""unpaired"" -site:researchgate.net -site:eurekamag.com","web search; primary records opened or inspected from indexed primary excerpts","Discovery/metadata query; final inclusion and source URL recorded per paper in public_paper_catalog.csv"
"35","2026-09-19","""Unsupervised"" ""deblurring"" ""2023"" ""unpaired"" -site:researchgate.net -site:eurekamag.com","web search; primary records opened or inspected from indexed primary excerpts","Discovery/metadata query; final inclusion and source URL recorded per paper in public_paper_catalog.csv"
"36","2026-09-19","""Unsupervised Image Noise Modeling with Self-Consistent GAN"" ""2020""","web search; primary records opened or inspected from indexed primary excerpts","Discovery/metadata query; final inclusion and source URL recorded per paper in public_paper_catalog.csv"
"37","2026-09-19","""N-LoLiGan"" date ""Digital""","web search; primary records opened or inspected from indexed primary excerpts","Discovery/metadata query; final inclusion and source URL recorded per paper in public_paper_catalog.csv"
"38","2026-09-19","""Enhanced CycleGAN Network with Adaptive Dark Channel Prior""","web search; primary records opened or inspected from indexed primary excerpts","Discovery/metadata query; final inclusion and source URL recorded per paper in public_paper_catalog.csv"
"39","2026-09-19","""Unsupervised single image dehazing with generative adversarial network"" site:link.springer.com","web search; primary records opened or inspected from indexed primary excerpts","Discovery/metadata query; final inclusion and source URL recorded per paper in public_paper_catalog.csv"
"40","2026-09-19","""Unsupervised Image Noise Modeling with Self-Consistent GAN"" site:ieeexplore.ieee.org","web search; primary records opened or inspected from indexed primary excerpts","Discovery/metadata query; final inclusion and source URL recorded per paper in public_paper_catalog.csv"
"41","2026-09-19","""DCA-CycleGAN""","web search; primary records opened or inspected from indexed primary excerpts","Discovery/metadata query; final inclusion and source URL recorded per paper in public_paper_catalog.csv"
"42","2026-09-19","""DedustGAN""","web search; primary records opened or inspected from indexed primary excerpts","Discovery/metadata query; final inclusion and source URL recorded per paper in public_paper_catalog.csv"
"43","2026-09-19","""Unpaired"" ""dehazing"" ""2022"" ""2020"" ""ideal"" -site:researchgate.net -site:ouci.dntb.gov.ua","web search; primary records opened or inspected from indexed primary excerpts","Discovery/metadata query; final inclusion and source URL recorded per paper in public_paper_catalog.csv"
"44","2026-09-19","""N-LoLiGan"" ""Volume""","web search; primary records opened or inspected from indexed primary excerpts","Discovery/metadata query; final inclusion and source URL recorded per paper in public_paper_catalog.csv"
"45","2026-09-19","N-LoLiGan 104259 2024 2023","web search; primary records opened or inspected from indexed primary excerpts","Discovery/metadata query; final inclusion and source URL recorded per paper in public_paper_catalog.csv"
"46","2026-09-19","""CDNet: Single Image"" WACV 2019","web search; primary records opened or inspected from indexed primary excerpts","Discovery/metadata query; final inclusion and source URL recorded per paper in public_paper_catalog.csv"
"47","2026-09-19","""Dehaze-GLCGAN"" publication","web search; primary records opened or inspected from indexed primary excerpts","Discovery/metadata query; final inclusion and source URL recorded per paper in public_paper_catalog.csv"
"48","2026-09-19","""Unsupervised Conditional Disentangle Network""","web search; primary records opened or inspected from indexed primary excerpts","Discovery/metadata query; final inclusion and source URL recorded per paper in public_paper_catalog.csv"
"49","2026-09-19","""N-LoLiGan""","web search; primary records opened or inspected from indexed primary excerpts","Discovery/metadata query; final inclusion and source URL recorded per paper in public_paper_catalog.csv"
"50","2026-09-19","""Cycle-SNSPGAN""","web search; primary records opened or inspected from indexed primary excerpts","Discovery/metadata query; final inclusion and source URL recorded per paper in public_paper_catalog.csv"
"51","2026-09-19","""Efficient unpaired image dehazing with cyclic perceptual-depth supervision""","web search; primary records opened or inspected from indexed primary excerpts","Discovery/metadata query; final inclusion and source URL recorded per paper in public_paper_catalog.csv"
"52","2026-09-19","""Unpaired Image Denoising"" ""ICIP"" 2020","web search; primary records opened or inspected from indexed primary excerpts","Discovery/metadata query; final inclusion and source URL recorded per paper in public_paper_catalog.csv"
"53","2026-09-19","""FUnIE-GAN"" unpaired 2020","web search; primary records opened or inspected from indexed primary excerpts","Discovery/metadata query; final inclusion and source URL recorded per paper in public_paper_catalog.csv"
"54","2026-09-19","""Underwater Image Restoration via Contrastive Learning and a Real-world Dataset""","web search; primary records opened or inspected from indexed primary excerpts","Discovery/metadata query; final inclusion and source URL recorded per paper in public_paper_catalog.csv"
"55","2026-09-19","""CDNet"" ""Dudhane"" site:ieeexplore.ieee.org","web search; primary records opened or inspected from indexed primary excerpts","Discovery/metadata query; final inclusion and source URL recorded per paper in public_paper_catalog.csv"
"56","2026-09-19","""CRNet"" ""Unsupervised"" site:dl.acm.org","web search; primary records opened or inspected from indexed primary excerpts","Discovery/metadata query; final inclusion and source URL recorded per paper in public_paper_catalog.csv"
"57","2026-09-19","""Unsupervised underwater image enhancement via content-style representation disentanglement""","web search; primary records opened or inspected from indexed primary excerpts","Discovery/metadata query; final inclusion and source URL recorded per paper in public_paper_catalog.csv"
"58","2026-09-19","""RCA-CycleGAN""","web search; primary records opened or inspected from indexed primary excerpts","Discovery/metadata query; final inclusion and source URL recorded per paper in public_paper_catalog.csv"
"59","2026-09-19","""Unsupervised Underwater Image Enhancement Based on Disentangled Representations via Double-Order Contrastive Loss""","web search; primary records opened or inspected from indexed primary excerpts","Discovery/metadata query; final inclusion and source URL recorded per paper in public_paper_catalog.csv"
"60","2026-09-19","""Simple and Efficient Unpaired Real-World Super-Resolution Using Image Statistics""","web search; primary records opened or inspected from indexed primary excerpts","Discovery/metadata query; final inclusion and source URL recorded per paper in public_paper_catalog.csv"
"61","2026-09-19","""Twin Adversarial Contrastive Learning""","web search; primary records opened or inspected from indexed primary excerpts","Discovery/metadata query; final inclusion and source URL recorded per paper in public_paper_catalog.csv"
"62","2026-09-19","""Unsupervised Multiple Representation Disentanglement Framework""","web search; primary records opened or inspected from indexed primary excerpts","Discovery/metadata query; final inclusion and source URL recorded per paper in public_paper_catalog.csv"
"63","2026-09-19","""IPMGAN"" ""unpaired""","web search; primary records opened or inspected from indexed primary excerpts","Discovery/metadata query; final inclusion and source URL recorded per paper in public_paper_catalog.csv"
"64","2026-09-19","""RCA-CycleGAN"" ""2023""","web search; primary records opened or inspected from indexed primary excerpts","Discovery/metadata query; final inclusion and source URL recorded per paper in public_paper_catalog.csv"
"65","2026-09-19","""N-LoLiGan"" ""2023"" site:sciencedirect.com","web search; primary records opened or inspected from indexed primary excerpts","Discovery/metadata query; final inclusion and source URL recorded per paper in public_paper_catalog.csv"
"66","2026-09-19","""unpaired"" ""low-light"" ""CLIP"" 2024 2025","web search; primary records opened or inspected from indexed primary excerpts","Discovery/metadata query; final inclusion and source URL recorded per paper in public_paper_catalog.csv"
"67","2026-09-19","""unpaired"" ""low-light"" ""latent"" diffusion 2026","web search; primary records opened or inspected from indexed primary excerpts","Discovery/metadata query; final inclusion and source URL recorded per paper in public_paper_catalog.csv"
"68","2026-09-19","""unsupervised"" ""deblurring"" ""reblur"" 2025 2024 ""unpaired""","web search; primary records opened or inspected from indexed primary excerpts","Discovery/metadata query; final inclusion and source URL recorded per paper in public_paper_catalog.csv"
"69","2026-09-19","""CDNet"" ""Single Image"" ""abstract""","web search; primary records opened or inspected from indexed primary excerpts","Discovery/metadata query; final inclusion and source URL recorded per paper in public_paper_catalog.csv"
"70","2026-09-19","""Cyclic Generative Attention-Adversarial"" ""Sensors""","web search; primary records opened or inspected from indexed primary excerpts","Discovery/metadata query; final inclusion and source URL recorded per paper in public_paper_catalog.csv"
"71","2026-09-19","""Rethinking Low-Light Enhancement via Transformer-GAN""","web search; primary records opened or inspected from indexed primary excerpts","Discovery/metadata query; final inclusion and source URL recorded per paper in public_paper_catalog.csv"
"72","2026-09-19","""Unpaired Image Denoising"" Kattakinda github","web search; primary records opened or inspected from indexed primary excerpts","Discovery/metadata query; final inclusion and source URL recorded per paper in public_paper_catalog.csv"
